InvoiceID,CustomerName,Balance,IsProcessed
1,Kelly Bennett,551,0
2,Mary Wilson,709,0
3,Linda Lynch,648,0
4,Betty Hostetter,697,0
5,Terry Panchik,891,0
6,Mary Schaupp,501,0
7,Elizabeth Banks,735,0
8,Tracie Shepherd,611,0
9,Latanya Gonzalez,715,0
10,Mary Williams,888,0
11,Sandra Angel,614,0
12,Donna Parkison,623,0
13,Laurie Warren,562,0
14,Keri Evans,770,0
15,Lynn Dickerson,812,0
16,Heather Miles,858,0
17,Angela Fuchs,727,0
18,Renee Stepp,779,0
19,Ruth Fisher,753,0
20,Regina Ray,589,0
21,Carol Termini,647,0
22,Valerie Walker,608,0
23,Irma Viner,590,0
24,Edna Perez,618,0
25,Rita Fewell,633,0
26,Virginia Sarkis,678,0
27,Nora Yarbrough,809,0
28,Sandra Wright,558,0
29,Shirley Servin,623,0
30,Patrice West,577,0
31,Kristy Ovalle,709,0
32,Patricia Cyr,529,0
33,Katherine Knutson,562,0
34,Angel Washington,730,0
35,Tricia Wyatt,523,0
36,Doreen Hamilton,674,0
37,Rachel Baker,547,0
38,Marcia January,572,0
39,Janice Severtson,669,0
40,Mary Harris,675,0
41,Olivia Franklin,629,0
42,Peggy Farmer,854,0
43,Stephanie Vaught,772,0
44,Esther Ellison,518,0
45,Angela Dougherty,548,0
46,Holly Lehnortt,840,0
47,Alice Wilson,697,0
48,Jane Griffith,597,0
49,Geraldine Riendeau,757,0
50,Viola Cooper,649,0
51,Judy Arnold,594,0
52,Sandra Johnke,814,0
53,Reva Poole,837,0
54,Stephanie Murray,869,0
55,Ruby Mcmullin,872,0
56,Mary Piles,896,0
57,Willie Peterson,524,0
58,Sandra Edwards,743,0
59,Heather Aiello,838,0
60,Jill Cornwell,677,0
61,Angela Mertz,839,0
62,Sandra Abbott,880,0
63,Jacki May,661,0
64,Rose Gharing,649,0
65,Marla Holley,843,0
66,June Baity,574,0
67,Kelley Johnson,716,0
68,Lena Wolfe,576,0
69,Carol Brewer,645,0
70,Jasmine Carr,848,0
71,Patricia James,684,0
72,Clora Hooks,895,0
73,Margie Saxon,878,0
74,Tanya Allen,524,0
75,Jackie Ponce,558,0
76,Kellie Osler,612,0
77,Iris Reilly,529,0
78,Andrea Judkins,583,0
79,Monica Lahti,675,0
80,Laurie Grimsley,728,0
81,Tracie Sparks,898,0
82,Mary Zeitler,664,0
83,Heather Rackham,870,0
84,Sandy Maymon,627,0
85,April Peterson,646,0
86,Elisha Dodson,848,0
87,Caroline Land,691,0
88,Gina Oliva,885,0
89,Ashley Guido,782,0
90,Janice Gillies,877,0
91,Katie Rose,717,0
92,Jennifer Rautenberg,807,0
93,Patricia Jackson,760,0
94,Charlotte Vela,816,0
95,Stephanie Simpson,713,0
96,Margaret Mcbride,517,0
97,Karen Weatherill,628,0
98,Ann Ramirez,596,0
99,Karen Foss,866,0
100,Michelle Lipham,637,0
101,Jean Costanzo,741,0
102,Caitlin Bitto,616,0
103,Elizabeth Vaughn,658,0
104,Miriam Jenkins,609,0
105,Marty Mccollum,529,0
106,Teresa Hobbs,572,0
107,Nancy Williams,516,0
108,Mary Walsh,639,0
109,Anna Birdsong,715,0
110,Jeanette Lewis,701,0
111,Patty Raines,862,0
112,Fran Henry,808,0
113,Jeanna Farmer,623,0
114,Jenine Ziegler,861,0
115,Phyllis Hampton,686,0
116,Shirley Battle,842,0
117,Robin Brown,846,0
118,Sheila Nelson,538,0
119,Nancy Kutner,501,0
120,Anna Mitchell,533,0
121,Dolores Wiggins,505,0
122,Norma Curry,838,0
123,Jennifer Shepherd,552,0
124,Sophie Goldman,590,0
125,Marcia Morrow,597,0
126,Vivian Koenitzer,567,0
127,Christy Davis,700,0
128,Malissa Jones,893,0
129,Ruth Oquendo,684,0
130,Beulah Mclaughlin,727,0
131,Denise Rosa,849,0
132,Brenda Piper,642,0
133,Sharon Smith,632,0
134,Carla Richard,816,0
135,Dorothy Wilson,709,0
136,Beverly Hall,672,0
137,Susan Treadwell,875,0
138,Jennifer Dugan,884,0
139,Liz Flores,681,0
140,Veronica Donaldson,816,0
141,Linda Saunders,726,0
142,Catherine Roberts,893,0
143,Angie Gonzalez,714,0
144,Jo Boucher,631,0
145,Asuncion Addesso,797,0
146,Sandra Zingaro,629,0
147,Mary Douglas,713,0
148,Melanie Massey,648,0
149,Marilyn Faria,633,0
150,Jackie Feldhaus,564,0
151,Misty Mazza,889,0
152,Clara Napier,810,0
153,Laura Fisher,524,0
154,Denise Balch,821,0
155,Amanda Shively,507,0
156,Kelly Mcgrath,554,0
157,Mary Heard,871,0
158,Lisa Vasquez,746,0
159,Angela Lolley,592,0
160,Antionette Bourgeois,534,0
161,Sheila Lott,826,0
162,Gayle Deese,784,0
163,Leslie Truocchio,873,0
164,Pauline Haynes,715,0
165,Sheryl Finney,523,0
166,Anna Mitchell,610,0
167,Laura Fesperman,506,0
168,Virginia Smith,635,0
169,Anna Sheppard,601,0
170,Jessica Runquist,848,0
171,Madeline Pitts,728,0
172,Ida Huston,540,0
173,Angela Nixon,759,0
174,Bessie Block,760,0
175,Sarah Fonua,503,0
176,Helen Zaragoza,771,0
177,Norma Alaniz,877,0
178,Pansy Rine,876,0
179,Inez Lacoste,582,0
180,Crystal Gardella,689,0
181,Carolyn Carlstrom,774,0
182,Helen Spear,879,0
183,Patricia Everett,796,0
184,Lillie Palumbo,876,0
185,Peggy Brown,594,0
186,Tammy Evans,757,0
187,Rosetta Taylor,876,0
188,Barbara Kindig,771,0
189,Tracy Taylor,900,0
190,Marie Mouton,749,0
191,Edna Yee,648,0
192,Yuette Langley,688,0
193,Joan Smith,836,0
194,Mildred Smith,834,0
195,Mary Lacasse,785,0
196,Goldie Day,826,0
197,Carol Solis,681,0
198,Charlotte Coleman,866,0
199,Crystal Taylor,772,0
200,Kimberly Tribble,734,0
201,Fanny Reavis,552,0
202,Nichole Tillman,852,0
203,Marilyn Durazo,770,0
204,Sarah Jennings,531,0
205,Joyce Reiter,832,0
206,Dana Foster,664,0
207,Sandra Cheatham,524,0
208,Maria Hudson,773,0
209,Susan Lopez,888,0
210,Doris Rock,648,0
211,Renee Young,559,0
212,Josephine Myles,652,0
213,Jolyn Dondero,789,0
214,Norma Bowman,870,0
215,Cynthia Backstrom,803,0
216,Lavon Clarke,512,0
217,Joan Gibson,871,0
218,Etta Smith,737,0
219,Marlene Smith,627,0
220,Tyisha Wilson,763,0
221,Yolanda Roberts,638,0
222,Domenica Short,772,0
223,Rosa Harris,746,0
224,Evelyn Swedenburg,804,0
225,Bonnie Wall,871,0
226,Lucille Corradino,708,0
227,Kathy Rivera,607,0
228,Sherry Olson,596,0
229,Doris Prince,647,0
230,Angela Polin,888,0
231,Dorothy Nowak,566,0
232,Alice Williams,761,0
233,Celia Ferrell,692,0
234,Patricia Anthony,626,0
235,Stephanie Drake,730,0
236,Vickie Deese,699,0
237,Carlene Schermann,671,0
238,Marcia Halverson,566,0
239,Tomiko Hammock,677,0
240,Verla Jacob,505,0
241,Kelly Trimble,740,0
242,Gladys Momphard,606,0
243,Patricia Ona,767,0
244,Theresa Diaz,544,0
245,Annette Juarbe,682,0
246,Jacinta Goodrich,724,0
247,Melinda Mayfield,779,0
248,Ramona Gonzales,600,0
249,Beverly Armitage,895,0
250,Becky Sanchirico,586,0
251,Susan Austin,679,0
252,Stephanie Woods,767,0
253,Anna Adams,791,0
254,Deborah Garza,645,0
255,Nancy Garcia,543,0
256,Lynne Taylor,573,0
257,Linda Cuellar,887,0
258,Lucinda Abdullah,895,0
259,Nichole Ford,730,0
260,Ina Lewis,783,0
261,Phyllis Jackson,637,0
262,Margaret Askew,778,0
263,Ignacia Brookins,555,0
264,Thelma Turner,865,0
265,Pearl Yard,560,0
266,Charity Rivera,761,0
267,Dianna Thompson,550,0
268,Regina Mcdonald,559,0
269,Debra Forrester,546,0
270,Sandra Garcia,789,0
271,Catherine Wilson,781,0
272,April Rowan,627,0
273,Danielle Hubbard,729,0
274,Donna Nesbit,641,0
275,Donna Deblase,569,0
276,Emily Amos,897,0
277,Kali Phebus,686,0
278,Nora Ramos,853,0
279,Sandra Nowakowski,721,0
280,Ada Silk,843,0
281,Willa Orosco,602,0
282,Charlene Shields,701,0
283,Linda Holtsclaw,502,0
284,Katherine Taus,691,0
285,Fern Nehring,615,0
286,Mandy Chicoine,547,0
287,Rosemarie Wray,887,0
288,Theresa Kent,627,0
289,Minnie Wheeler,861,0
290,Thelma Willey,658,0
291,Patrice Nestor,571,0
292,Mary Brown,646,0
293,Erin Miles,579,0
294,Jodi Hill,694,0
295,Melissa Roberts,807,0
296,Cheryl Faycurry,825,0
297,Sarah Williams,757,0
298,Amanda Currin,518,0
299,Melinda Cooper,606,0
300,Sylvia Chavarria,764,0
301,Nannie Rodriguez,757,0
302,Marget Lewis,672,0
303,Mildred Vidrio,714,0
304,Lois Pingrey,753,0
305,Laura Minter,529,0
306,Jaime Martinez,566,0
307,Danielle Quijada,542,0
308,Mildred Tufte,868,0
309,Pauline Bailey,860,0
310,Vella Reynolds,871,0
311,Nellie Muhr,825,0
312,Lela Jones,555,0
313,Vera Knoy,524,0
314,Mary Dunn,675,0
315,Ruth Rios,656,0
316,Ruthe Winkler,702,0
317,Inez Warner,543,0
318,Michelle Sayles,600,0
319,Dawn Wood,772,0
320,Particia Day,750,0
321,Kathleen Mirabal,557,0
322,Brenda Heon,879,0
323,Gracie Shea,611,0
324,Betty Cole,709,0
325,Lenora Topping,631,0
326,Jessie Nelson,671,0
327,Tonya Schneider,514,0
328,Vicki Hoffman,738,0
329,Henry Cheney,708,0
330,Beth Stangl,654,0
331,Deann Pringle,847,0
332,Linda Boyle,576,0
333,Tiffiny Labruzzo,506,0
334,Geneva Terrell,891,0
335,Francis Dale,785,0
336,Cheryl Salazar,697,0
337,Alisha Mason,645,0
338,Monica Ford,635,0
339,Catherine Barkan,601,0
340,Ida Howard,775,0
341,Emma Robison,562,0
342,Sandy Christian,886,0
343,Janice Farnsworth,514,0
344,Patricia Ruper,778,0
345,Gina Davenport,878,0
346,Lorene Pertsovsky,900,0
347,Ruby Desilva,802,0
348,Nellie Taylor,515,0
349,Dorothy Baca,894,0
350,Jana Myers,533,0
351,Trisha Jones,593,0
352,Dorothy Mompoint,630,0
353,Martha Knight,687,0
354,Stephanie Strait,651,0
355,Kristin Kounthapanya,663,0
356,Helen Wright,624,0
357,Virginia Rollins,528,0
358,Marie Martinez,507,0
359,Lillie Johnson,633,0
360,Margaret Smith,736,0
361,Lola Jacobs,530,0
362,Marquita Rowland,869,0
363,Sarah Arroliga,647,0
364,Chang Burke,857,0
365,Donna Reid,578,0
366,Mamie Lipe,505,0
367,Astrid Lomago,509,0
368,Karen Taylor,834,0
369,Michael Miller,598,0
370,Gail Warren,700,0
371,Ellen White,803,0
372,Velma Gonzalez,816,0
373,Maria Waltz,817,0
374,Phyllis Gonzalez,660,0
375,Danielle Sturgill,583,0
376,Jane Jones,724,0
377,Shirley Kavanagh,879,0
378,Evelyn Smith,769,0
379,Dorothea Downie,653,0
380,Lula Delapena,752,0
381,Michelle Roberson,789,0
382,Carmen Draughn,513,0
383,Patricia Felan,661,0
384,Peggy Ollis,756,0
385,Carmen Salley,716,0
386,Gloria Vanwassenhove,854,0
387,Hue Davis,533,0
388,Alice Mackenzie,739,0
389,Mamie Panahon,839,0
390,Natalie Peterson,518,0
391,Anna Trice,784,0
392,Arlene Stalker,565,0
393,Rhonda Smith,611,0
394,Mary Mcmahon,748,0
395,Lorraine Faulkner,719,0
396,Edna Cole,786,0
397,Ashleigh Figueroa,599,0
398,Joyce Gordon,601,0
399,Cherryl Hunter,574,0
400,Nancy Howard,665,0
401,Olga Notis,712,0
402,Alta Hall,797,0
403,Helen Johnson,550,0
404,Patrica Uy,819,0
405,Rita Madrigal,791,0
406,Debra Ferreira,826,0
407,Mona Brown,565,0
408,Kimberly Alexander,808,0
409,Rebecca Rodriguez,704,0
410,Crystal Flores,716,0
411,Sandra Decosta,650,0
412,Virginia Friesen,557,0
413,Shannon Alton,806,0
414,Tiffany George,548,0
415,Maria Bearfield,721,0
416,Sarah Ware,549,0
417,Susan Miller,782,0
418,Felisha Cherry,530,0
419,Ivy Bates,515,0
420,Julie Aparicio,880,0
421,Liliana Steed,611,0
422,Christina Racki,896,0
423,Amy Reeder,874,0
424,Mary Burns,751,0
425,Helen Moore,517,0
426,Felicia Poulin,537,0
427,Terri Stark,735,0
428,Anna Budge,629,0
429,Coreen Heath,547,0
430,Roberta Washington,546,0
431,Gwendolyn Kennedy,662,0
432,Rose Thacker,778,0
433,Dorothy Martinez,743,0
434,Daisy Stokes,611,0
435,Charlene Mahabir,753,0
436,Lisa Horney,661,0
437,Cathy Palumbo,851,0
438,Joy Withrow,706,0
439,Cori Guidry,718,0
440,Lisa Wilson,643,0
441,Deena Wilke,814,0
442,Lila Ruiz,662,0
443,Mary Baker,667,0
444,Linda Ford,677,0
445,Rebecca Mcgaugh,814,0
446,Amber Noga,513,0
447,Linda Martin,699,0
448,Molly Cooper,668,0
449,Carla Brown,517,0
450,Catherine Grey,872,0
451,Peggy Perez,602,0
452,Edna Martin,502,0
453,June Willson,839,0
454,Jacqueline Garcia,529,0
455,Natasha Hamar,663,0
456,Irene Fitzgerald,846,0
457,Sharon Butler,548,0
458,Consuelo Mccarty,639,0
459,Terrie Stoneback,843,0
460,Consuelo Noll,585,0
461,Cherry Rice,874,0
462,Cheryl Burchett,722,0
463,Marla Hays,682,0
464,Carolyn Gulley,637,0
465,Kelly Gilbert,659,0
466,Trisha Montgomery,683,0
467,Mary Whittaker,800,0
468,Phyllis Vowell,839,0
469,Phyllis Solano,528,0
470,Sherri Briggs,724,0
471,Virginia Reardon,509,0
472,Cynthia Horton,696,0
473,Brandi Meyers,569,0
474,Joseph Hagen,573,0
475,Kay Atlas,831,0
476,Doris Lynch,510,0
477,Doreen Thurmond,719,0
478,Geraldine Breazeale,738,0
479,Amy Champney,621,0
480,Martha Sou,606,0
481,Nancy Wheeler,704,0
482,Nicole Lowe,553,0
483,Annie Briggs,622,0
484,Monica Reed,886,0
485,Patti Hathaway,562,0
486,Nelda Lykins,557,0
487,Della Sumner,702,0
488,Jacqueline Bones,635,0
489,Jin Mcdonald,684,0
490,Stefanie Venhorst,854,0
491,Mary Bennett,752,0
492,Dana Lawrence,869,0
493,Emma Bingler,684,0
494,Shannon Lee,539,0
495,Jenifer Runyon,730,0
496,Margaret Sorenson,786,0
497,Ruth Green,804,0
498,Lindsay Harvey,813,0
499,Maureen Olinger,841,0
500,Holly Ray,661,0
501,Emily Mckinnon,504,0
502,Mary Nelson,521,0
503,Inez Fernandez,520,0
504,Louise Haggerty,793,0
505,Cheryl Miller,589,0
506,Martha Vallejos,774,0
507,Lillian Parmer,673,0
508,Rebecca Hurlock,611,0
509,Mary Guido,503,0
510,Brenda Taylor,574,0
511,Ann Prescott,505,0
512,Rita Keene,710,0
513,Amber Jamison,826,0
514,Gwendolyn Johannes,841,0
515,Linda Arellano,535,0
516,Anette Massey,801,0
517,Shery Grice,825,0
518,Paula Eaton,526,0
519,Jacqueline Barile,861,0
520,Linda Pritchard,585,0
521,Marion Irvin,780,0
522,Rachel Boddie,869,0
523,Lorraine Booker,540,0
524,Carol Turner,821,0
525,Theresa Salcedo,546,0
526,Nancy Russell,620,0
527,Veronica Nugent,854,0
528,Leanne Bennett,861,0
529,Patricia Darwin,505,0
530,Nicole Hollenbeck,888,0
531,Kimberly Jordan,601,0
532,Melissa Carr,574,0
533,Evelyn Escobedo,648,0
534,Paula Tofil,710,0
535,Betty Percell,563,0
536,Stacey Dolecki,790,0
537,Brenda Williams,885,0
538,Misty Zick,672,0
539,Patrica Dowdy,500,0
540,Angela Cooper,684,0
541,Michelle Dillon,898,0
542,Carolin Seligman,769,0
543,Rose Sohre,519,0
544,Carolyn Garcia,623,0
545,Dominique Highshaw,502,0
546,Maria Alexander,772,0
547,Juana Loomis,719,0
548,Nancy Gorman,643,0
549,Beverly Steichen,801,0
550,Natalie Czarnecki,587,0
551,Joanna George,818,0
552,Mary Emery,900,0
553,Ethel Howard,725,0
554,Myrtle Kellar,650,0
555,Heather Garcia,724,0
556,Stacy Smith,667,0
557,Paula Durant,632,0
558,Christy Allen,868,0
559,Joyce Miller,880,0
560,Katherine Joe,718,0
561,Monica Winslow,502,0
562,Jaime Pinero,830,0
563,Beverly Ward,554,0
564,Jennifer Robinson,608,0
565,Reba Perez,570,0
566,Frances Dunkle,503,0
567,Donna Matthews,691,0
568,Rebecca Dailey,755,0
569,Kelli Atkinson,791,0
570,Betty Jacobsen,529,0
571,Teresa Rackley,683,0
572,Ann Smith,534,0
573,Christina Pappan,600,0
574,Helen Andaya,697,0
575,Phyllis Davis,608,0
576,Ann Baker,733,0
577,Rosemary Morris,667,0
578,Mazie Mckay,840,0
579,Linda Perez,568,0
580,Brenda Mcgriff,578,0
581,Margery Marshall,879,0
582,Thelma Johnson,842,0
583,Barbara Nguyen,554,0
584,Lisa Jackson,815,0
585,Sophia Warden,575,0
586,Edna Trudeau,737,0
587,Lindsey Trimpe,679,0
588,Sheila Olsen,893,0
589,April Bowie,756,0
590,Jeannie Desimone,538,0
591,Margaret Reyes,773,0
592,Gwendolyn Kidd,843,0
593,Stephanie Love,509,0
594,Shawnee Arnold,689,0
595,Michelle Olguin,673,0
596,Patty Radish,800,0
597,Bobbye Field,729,0
598,Karen Dykes,868,0
599,Sarah Everson,824,0
600,Claire Smith,805,0
601,Pamela Nash,525,0
602,Jennifer Johnson,859,0
603,Winnie Davidson,500,0
604,Anna Brentley,533,0
605,Jean Howell,723,0
606,Rosa Shannon,690,0
607,Jesenia Henry,708,0
608,Christina Thomas,639,0
609,Stacy Almeda,555,0
610,Ann Bouton,708,0
611,Jessica Francois,506,0
612,Carmela Ellis,631,0
613,Anisa Smith,576,0
614,Phyliss King,584,0
615,Tracy Hays,705,0
616,Lynn Guy,711,0
617,Mary Hopkins,793,0
618,Darlene Blackwell,624,0
619,Shirley Briggs,830,0
620,Renate Forman,845,0
621,Cheryl Ramos,521,0
622,Elvira Pugh,649,0
623,Patricia Autrey,889,0
624,Patty Baldwin,729,0
625,Karen Knotts,865,0
626,Nita Reed,594,0
627,Cecila Davis,847,0
628,Denise Ally,523,0
629,Laura Dominguez,878,0
630,Ana Heacock,532,0
631,Esmeralda Bishop,651,0
632,Kimberly Leggett,607,0
633,April Williams,657,0
634,Gloria Brewer,571,0
635,Cynthia Morris,520,0
636,Vicky Phillips,655,0
637,Erica Lassalle,620,0
638,Marie Teller,808,0
639,Cyrstal Neill,772,0
640,Marjorie Diaz,860,0
641,Bonnie Timinsky,716,0
642,Frances Scott,843,0
643,Frances Owens,514,0
644,Gloria Grand,661,0
645,Lynn Waits,515,0
646,Connie Limbaugh,541,0
647,Lael Deal,670,0
648,Mattie Simpon,749,0
649,Leslie Weir,887,0
650,Shawanda Henry,896,0
651,Susan Roberts,858,0
652,Cynthia Pilgrim,788,0
653,Beth Burr,846,0
654,Rachel Wells,580,0
655,Margie Turner,701,0
656,Jody Helmes,555,0
657,Jessie Trejo,737,0
658,Maria Lopez,572,0
659,Ada Bittinger,574,0
660,Cora Orlando,758,0
661,Peg Powell,644,0
662,Gloria Norton,635,0
663,Judy Burgess,558,0
664,Tonette Audette,840,0
665,Joanne Ireland,738,0
666,Susan Mitchell,718,0
667,Rebecca Gavin,784,0
668,Edith Vega,846,0
669,Tamara Newman,796,0
670,Katherine Amelung,555,0
671,Lisa Burrow,731,0
672,Nora Bartlett,597,0
673,Christie Gallego,529,0
674,Margaret Culler,577,0
675,Brenda Sullivan,686,0
676,Lisa Meister,733,0
677,Edna Adams,775,0
678,Elizabeth Williams,712,0
679,Rose York,647,0
680,Eloise Smith,504,0
681,Tammy Winer,839,0
682,Maria Jarrett,649,0
683,Bernadette Yeager,535,0
684,Dessie Bryan,544,0
685,Rashida Rodriquez,837,0
686,Lisa Kiely,646,0
687,Sheri Mcbratney,598,0
688,Michele Clark,511,0
689,Inga Engleberg,724,0
690,Grace Sigler,872,0
691,Marguerite Botha,727,0
692,Gail Hanson,698,0
693,Emily Tanner,821,0
694,Laura Byrd,811,0
695,Janice Barnes,653,0
696,Devin Chernosky,682,0
697,Jennifer Collette,516,0
698,Dawn Mccrystal,791,0
699,Betty Peterson,843,0
700,Blanca Parente,812,0
701,Samantha Husbands,520,0
702,Linda Miller,897,0
703,Vivian Johnson,642,0
704,Ruth Martin,642,0
705,Danielle Pitcher,831,0
706,Stella George,597,0
707,Ethel Franklin,770,0
708,Beatrice Willemsen,515,0
709,Kimberly Warman,504,0
710,Gretchen Sanderlin,573,0
711,Allyson Roode,815,0
712,Carol Pickle,588,0
713,Maria Stroud,744,0
714,Krissy Pham,656,0
715,Kathleen Guzman,840,0
716,Maria Hall,775,0
717,Mary Childers,586,0
718,Alberta Lefebvre,570,0
719,Marsha Whitney,525,0
720,Anita Harris,693,0
721,Cheryl Ehsan,677,0
722,Margaret Kern,873,0
723,Marjorie Ferreira,792,0
724,Shawnna Gammons,875,0
725,Ola Trevino,850,0
726,Rosa Woods,850,0
727,Katherine Davis,792,0
728,Miranda Jenkins,864,0
729,Jane Vankeuren,721,0
730,Pearl Purnell,752,0
731,Kellie Rodriquez,820,0
732,Michelle Sellers,877,0
733,Patricia Schroeder,660,0
734,Martine Langham,550,0
735,Jessie Fulghum,672,0
736,Donna Manke,813,0
737,Violette Beyer,696,0
738,Marcy Peeler,884,0
739,Kelly Watts,511,0
740,Bernice Lovan,558,0
741,Carol Robinson,725,0
742,Bonnie Brice,620,0
743,Rose Roberto,647,0
744,Marcia Frank,758,0
745,Roseann Rodriguez,885,0
746,Camille Gomez,667,0
747,Megan Harshbarger,778,0
748,Kimberley Houston,652,0
749,Isela Simpson,681,0
750,Larisa Pena,870,0
751,Carmen Borek,714,0
752,Lisa Lopez,582,0
753,Peggy Green,865,0
754,Kris Daniels,673,0
755,Catherine Canipe,767,0
756,Joanne Clark,614,0
757,Elizabeth Reagan,794,0
758,Sarah Hoagland,574,0
759,Linda Dole,655,0
760,Harriet Mathis,539,0
761,Stephanie Clark,799,0
762,Juanita Williams,742,0
763,Helen Kellison,770,0
764,Vivian Saucedo,605,0
765,Cecille Biddle,669,0
766,Barbara Clifford,560,0
767,Carrie Martinez,678,0
768,Hisako Mathison,504,0
769,Kelly Merrill,706,0
770,Megan Chavez,590,0
771,Trista Evans,825,0
772,Nola Pope,603,0
773,Julie Jimenez,788,0
774,Dorothy Burkett,560,0
775,Beulah Lepard,678,0
776,Patricia Leon,616,0
777,Evelyn Wilburn,819,0
778,Linda Bacot,872,0
779,Lucille Fryer,583,0
780,Jennifer Franks,531,0
781,Karl Mininger,823,0
782,Lisa Mitchell,647,0
783,Erika Judy,711,0
784,Sandra Jennings,606,0
785,Kelsey Matsuno,886,0
786,Corinne Thull,746,0
787,Amy Conrad,810,0
788,Lucille Banks,721,0
789,Ruby Reynolds,785,0
790,Mai Blakeney,861,0
791,Peggy Smith,641,0
792,Nichole Montez,724,0
793,Melinda Phonharath,828,0
794,Thelma Petit,871,0
795,Christy Williams,679,0
796,Virginia Buteau,786,0
797,Lottie Delfuente,805,0
798,Esther Alvarez,750,0
799,Hazel Evans,720,0
800,Aileen Owens,781,0
801,Breana Blanche,784,0
802,Evelyn Banks,630,0
803,Jennifer Herold,624,0
804,Lyda Johnson,864,0
805,Nancy Fong,753,0
806,Angela Randles,841,0
807,Virginia Cameron,811,0
808,Erica Ulrich,753,0
809,Leslie Williams,861,0
810,Mary Mcgirt,674,0
811,Gloria Ocampo,699,0
812,Terri Luciani,731,0
813,Dorian Steedley,553,0
814,Winnie Gary,724,0
815,Minerva Webb,654,0
816,Susan Baker,657,0
817,Felicia Singh,675,0
818,Hope Duncan,844,0
819,Bobbie Evans,672,0
820,Paula Grady,702,0
821,Mary Loveless,561,0
822,Laura Taylor,694,0
823,Helen Means,613,0
824,Diana Hamm,521,0
825,Elaine Turchi,839,0
826,Rebecca Grant,514,0
827,Amy Funk,613,0
828,Alicia Preston,752,0
829,Willie Diaz,624,0
830,Beverly Dodge,723,0
831,Lois Dozier,629,0
832,Lori Pugh,503,0
833,April Herauf,803,0
834,Helen Weyrick,809,0
835,Rebecca Padilla,747,0
836,Lynette Johnson,637,0
837,Mary Heyne,572,0
838,Betty Smith,782,0
839,Vera Kelso,674,0
840,Kim Gafford,834,0
841,Cheryl Braun,757,0
842,Pamela Lemaster,727,0
843,Sharon Burkholder,525,0
844,Martha Balderas,702,0
845,Tamika Hamblen,869,0
846,Michell Santiago,652,0
847,Virgie Parker,684,0
848,Norma Ortiz,769,0
849,Janet Roberts,689,0
850,Stephanie Miyasato,583,0
851,Mary Mallory,560,0
852,Darci Johnson,684,0
853,Christine Granado,873,0
854,Christine Seligman,775,0
855,Mary Stewart,741,0
856,Elsie Pascual,535,0
857,Minnie Stangl,799,0
858,Lynn Shook,706,0
859,Susan Diaz,659,0
860,Erica Blansett,587,0
861,Betty Christenberry,741,0
862,Estela Ruby,605,0
863,Julianna Smith,744,0
864,Amber Thompson,727,0
865,Dorothy Allen,754,0
866,Julia Handel,877,0
867,Victoria Scott,640,0
868,Mary Scott,587,0
869,Gloria Shavers,632,0
870,Rose Islam,848,0
871,Carol Degan,727,0
872,Christine Simpson,888,0
873,Rachel Mooney,891,0
874,Judy Causey,536,0
875,Jeannette Pujols,779,0
876,Pamela Fisher,773,0
877,Grace Mclaughlin,547,0
878,Jill Rea,816,0
879,Flossie Callahan,777,0
880,Mary Brooks,570,0
881,Laura Gonzales,862,0
882,Della Wyatt,656,0
883,Nichole Sturtz,877,0
884,Whitney Woodard,683,0
885,Norma Murray,547,0
886,Laura Le,775,0
887,Velva Felty,500,0
888,Patrice Proctor,757,0
889,Bessie Colella,628,0
890,Susan Thompson,590,0
891,Lynn Welch,882,0
892,Misty Briggs,787,0
893,Anjanette Schwing,802,0
894,Nikia Worley,699,0
895,Katie Bristol,600,0
896,Mary Knight,529,0
897,Jeanne Ford,898,0
898,Susan Lamey,542,0
899,Ariel Wattles,845,0
900,Katina Wheeler,525,0
901,Elizabeth Park,548,0
902,Ashley Morrow,577,0
903,Myrtice Payne,672,0
904,Lynda Jenkins,814,0
905,Joyce Durrett,524,0
906,Anna Miller,723,0
907,Rosa Benet,822,0
908,Ayana Anaya,571,0
909,Gloria Manos,662,0
910,Joan Walker,511,0
911,Sandra Greeson,883,0
912,Ann Blakeney,848,0
913,Jennifer Milligan,753,0
914,Mary Morgan,674,0
915,Felicia Martin,861,0
916,Shirley Jones,737,0
917,Nicole Williams,802,0
918,Sandra Maher,662,0
919,Barbara Brelsford,618,0
920,Tina Goh,771,0
921,Linda Schneider,670,0
922,Erica Breedlove,885,0
923,Ruth Caylor,558,0
924,Helene Wilkins,870,0
925,Shelly Stene,780,0
926,Ana Wallace,828,0
927,Christina Mancini,617,0
928,Amy Clift,601,0
929,Diana Hamson,734,0
930,Barbara Nelson,842,0
931,Julie Gwin,807,0
932,Mary Ayotte,529,0
933,Kristen Llamas,805,0
934,Theresa Putman,740,0
935,Angela Martin,881,0
936,Sylvia Whitlow,539,0
937,Velma Tilton,845,0
938,Marlene Zapata,842,0
939,Gloria Miller,687,0
940,Kimberly Crutcher,534,0
941,Kim Martinez,671,0
942,Violet Perretta,634,0
943,Karen Long,664,0
944,Teresa Cureton,589,0
945,Leticia Miller,849,0
946,Marjorie Roberts,696,0
947,Barbara Schroeder,819,0
948,Marilyn Brownell,525,0
949,Lisa Carter,660,0
950,Alice White,745,0
951,Valerie Kinlaw,528,0
952,Lovetta Pavick,887,0
953,Lynda Fuller,712,0
954,Jane German,538,0
955,Elizabeth Eaton,826,0
956,Eloise Brown,654,0
957,Bridget Castro,623,0
958,Frances Giannone,732,0
959,Elizabeth Hollifield,678,0
960,Sandra Mellas,564,0
961,Rosalyn Caron,517,0
962,Deborah Abeles,833,0
963,Ashley Odell,621,0
964,Ida Mcmunn,826,0
965,Jennifer Brown,616,0
966,Genevieve Nivens,514,0
967,Barbara Perez,594,0
968,Jackie Sanchez,848,0
969,Teresa Deerman,722,0
970,Rosamond Barkett,878,0
971,Steven Grube,670,0
972,Neva Huff,514,0
973,Tonya Mitchell,703,0
974,Robin Whitten,751,0
975,Emma Corner,715,0
976,Juanita Peoples,773,0
977,Anne Atwood,771,0
978,Mary Short,600,0
979,Angie Beckler,724,0
980,Evelyn Cardwell,771,0
981,Beth Cummings,579,0
982,Clara Zickefoose,572,0
983,Ella Shepard,632,0
984,Bonnie Delcid,676,0
985,Ana Clark,852,0
986,Frances Bailey,673,0
987,Marti Dimarco,659,0
988,Juanita Brinkmann,542,0
989,Stephanie Bemis,605,0
990,Kathleen Most,735,0
991,Alice Roszel,683,0
992,Basilia Vaillancourt,533,0
993,Estelle Fish,631,0
994,Roxanna Sandiford,703,0
995,Virginia Ellis,606,0
996,Esther Fleming,710,0
997,Mary Bailey,678,0
998,Kathryn Hull,855,0
999,Vicki Tolbert,560,0
1000,Margaret Johnson,560,0
